username,password_hash
admin_root,79815cb595acb11f8c3436abfd20e3253ee1588322f99f3c5c562289
alex_student,aa1beef9ba5abfcd2f32c897ef8c134b5fd5a6f5b43ae17dcf60e1a3
guest_01,61e4a8ba331e7aece675ae9a27a3b5527d226e66c4fb941ee5072239
moderator,d2f2bcc0003d4081657870b5639c06ea1e3b72282437f9a8cd3e0678
test_user1,49127a96d9fe407cdcbbef77c87f7343738a36049cc7f5f093092225
test_user2,1adbc69675b5d83f1f5ef6851384322a6096d93a06717abeef71b4a3
hacker_guy,d19b7745f6bc32c6eec7df2651a86e0e1637792ffdbc0274b26aa4e4
cyber_ninja,466d3846a83083c154ba61a9a0a788fde3e77f904a0f9e855fa93881
security_pro,1b60de03992cc88ba968d30c129b4bab420a0d82dfe21e29ca117ea3
developer_x,d70028a2e3e2bbe21eab5a865c03ef299be59d606cf5fe9713aca69b
